{"total_revenue": 2598269.738999646, "revenue_per_region": {"United States": 774085.5260000194, "United Kingdom": 382998.5760000145, "Russia": 67258.17099999964, "Germany": 273299.0560000043, "Japan": 149134.70100000026, "Canada": 196714.41300000186, "France": 250323.93100000572, "India": 223407.25900000488, "Italy": 161716.4760000009, "China": 119331.62999999942}, "file_name": "2019"}