{"total_revenue": 2662475.2279996495, "revenue_per_region": {"United States": 552133.3410000163, "United Kingdom": 471795.7330000182, "Germany": 346263.175000009, "China": 216585.5310000038, "India": 152516.9410000009, "Japan": 71428.92799999953, "Canada": 246431.5080000044, "France": 286868.25200000365, "Russia": 104585.61999999992, "Italy": 213866.19900000276}, "file_name": "2020"}