{"total_revenue": 2764432.961999834, "revenue_per_region": {"France": 355497.08200000226, "United Kingdom": 267444.0240000048, "United States": 739711.7920000057, "India": 291351.46500000486, "Japan": 361634.7830000014, "Germany": 272236.8500000023, "Canada": 246003.68300000168, "Russia": 49471.88299999973, "China": 77721.80499999956, "Italy": 103359.59499999972}, "file_name": "2015"}