{"total_revenue": 2243329.4379997654, "revenue_per_region": {"France": 228473.52000000514, "India": 117135.98599999957, "Canada": 104918.2299999994, "United Kingdom": 447277.2110000131, "China": 177427.74000000005, "United States": 580835.6660000125, "Germany": 159820.39500000194, "Italy": 54005.08999999991, "Russia": 145016.72800000123, "Japan": 228418.87200000227}, "file_name": "2016"}