{"total_revenue": 1683713.8769997808, "revenue_per_region": {"France": 109639.42399999918, "India": 106511.80999999937, "Italy": 56325.33799999989, "China": 88873.66700000013, "United Kingdom": 496662.3540000139, "United States": 397568.4560000145, "Germany": 165887.34500000172, "Canada": 121441.02299999927, "Russia": 88080.49000000005, "Japan": 52723.96999999984}, "file_name": "2017"}