{"total_revenue": 2366672.640999746, "revenue_per_region": {"United Kingdom": 538705.7850000123, "Germany": 123402.45399999946, "France": 544274.9550000032, "United States": 310946.79600001115, "Canada": 134474.9400000001, "Russia": 78355.53399999984, "Italy": 56861.205999999875, "India": 244555.63800000687, "China": 52049.32299999975, "Japan": 283046.0100000034}, "file_name": "2018"}