{"total_revenue": 2989557.0659996658, "revenue_per_region": {"Germany": 258063.61200000576, "United Kingdom": 502946.53400002123, "India": 291461.66300000827, "Canada": 324650.6860000048, "Russia": 107713.88099999948, "China": 140554.2400000008, "United States": 689511.5730000165, "France": 357888.1460000049, "Italy": 79870.60100000005, "Japan": 236896.13000000364}, "file_name": "2021"}